va	ja	cdr3a	vb	jb	cdr3b
TRAV13-2*01	TRAJ42*01	CAENKGGGSQGNLIF	TRBV10-1*01	TRBJ1-4*01	CASSDRDHRRFF
TRAV23/DV6*01	TRAJ35*01	CAASRGGFGNVLHC	TRBV10-1*01	TRBJ1-4*01	CASSDRDHRRFF
TRAV12-2*01	TRAJ42*01	CAAPGGGGSQGNLIF	TRBV11-2*01	TRBJ1-2*01	CASSFPPRLYANYGYTF
TRAV38-1*01	TRAJ52*01	CAFMTSPGGTSYGKLTF	TRBV11-2*01	TRBJ2-3*01	CASSLGDFLRTDTQYF
TRAV13-2*01	TRAJ43*01	CAENDHNNNDMRF	TRBV11-3*01	TRBJ1-6*01	CASSLVGSASGYNSPLHF
TRAV8-6*01	TRAJ42*01	CAVGGSQGNLIF	TRBV11-3*01	TRBJ1-6*01	CASSLVGSASGYNSPLHF
TRAV25*01	TRAJ11*01	CAAFYSTLTF	TRBV12-4*01	TRBJ2-7*01	CASSSPWGQGPHEQYF
TRAV1-1*01	TRAJ5*01	CAGYTGRRALTF	TRBV19*01	TRBJ2-7*01	CASSIRSSYEQYF
TRAV1-2*01	TRAJ6*01	CAVRDKPPGPGGGSYIPTF	TRBV19*01	TRBJ1-1*01	CASSIHGAGTEAFF
TRAV1-2*01	TRAJ12*01	CAVIRGMDSSYKLIF	TRBV19*01	TRBJ2-7*01	CASSIVGTGTYEQYF
TRAV12-1*01	TRAJ43*01	CVVNDMRF	TRBV19*01	TRBJ1-4*01	CASSIFQNEKLFF
TRAV12-1*01	TRAJ42*01	CVVNIGGGSQGNLIF	TRBV19*01	TRBJ2-7*01	CASSIRSSYEQYF
TRAV12-1*01	TRAJ42*01	CVVNIGGGSQGNLIF	TRBV19*01	TRBJ2-3*01	CASSIRSTDTQYF
TRAV12-1*01	TRAJ42*01	CVVNIGGGSQGNLIF	TRBV19*01	TRBJ2-7*01	CASSLRSSYEQYF
TRAV12-1*01	TRAJ42*01	CVVNELDGGSQGNLIF	TRBV19*01	TRBJ2-7*01	CASSSRSSYEQYF
TRAV12-2*01	TRAJ33*01	CAVNTPPGDSNYQLIW	TRBV19*01	TRBJ1-5*01	CASAFYSNQPQHF
TRAV12-2*01	TRAJ42*01	CAVNLGGGSQGNLIF	TRBV19*01	TRBJ1-5*01	CASSARSGEPQHF
TRAV12-2*01	TRAJ42*01	CAVNIGGGSQGNLIF	TRBV19*01	TRBJ2-7*01	CASSFRSSYEQYF
TRAV12-2*01	TRAJ4*01	CAVPSGGYNKLIF	TRBV19*01	TRBJ2-7*01	CASSGTSGGYEQYF
TRAV12-2*01	TRAJ9*01	CAVGRDTGGFKTIF	TRBV19*01	TRBJ2-2*01	CASSIFGAGELFF
TRAV12-2*01	TRAJ43*01	CAVIDDMRF	TRBV19*01	TRBJ1-2*01	CASSIGVYGYTF
TRAV12-2*01	TRAJ42*01	CAVPLGGGSQGNLIF	TRBV19*01	TRBJ1-1*01	CASSIRAATEAFF
TRAV12-2*01	TRAJ42*01	CAGGLGGGSQGNLIF	TRBV19*01	TRBJ2-5*01	CASSIRASETQYF
TRAV12-2*01	TRAJ42*01	CAVNQGGGSQGNLIF	TRBV19*01	TRBJ2-3*01	CASSIRSADTQYF
TRAV12-2*01	TRAJ42*01	CAVSSGGGSQGNLIF	TRBV19*01	TRBJ2-7*01	CASSIRSAYEQYF
TRAV12-2*01	TRAJ42*01	CAVNTGGGSQGNLIF	TRBV19*01	TRBJ1-4*01	CASSIRSDEKLFF
TRAV12-2*01	TRAJ42*01	CAVNIGGGSQGNLIF	TRBV19*01	TRBJ2-5*01	CASSIRSGETQYF
TRAV12-2*01	TRAJ42*01	CAVNIGGGSQGNLIF	TRBV19*01	TRBJ2-7*01	CASSIRSGHEQYF
TRAV12-2*01	TRAJ42*01	CAGDSGGGSQGNLIF	TRBV19*01	TRBJ1-1*01	CASSIRSNTEAFF
TRAV12-2*01	TRAJ42*01	CAVNQGGGSQGNLIF	TRBV19*01	TRBJ1-5*01	CASSIRSSEPQHF
TRAV12-2*01	TRAJ42*01	CAVNWGGGSQGNLIF	TRBV19*01	TRBJ2-7*01	CASSIRSSHEQYF
TRAV12-2*01	TRAJ42*01	CALSPGGGSQGNLIF	TRBV19*01	TRBJ2-7*01	CASSIRSSYEQYF
TRAV12-2*01	TRAJ42*01	CAVQGSQGNLIF	TRBV19*01	TRBJ2-7*01	CASSIRSSYEQYF
TRAV12-2*01	TRAJ42*01	CAFSMGGGSQGNLIF	TRBV19*01	TRBJ2-3*01	CASSIRSTDTQYF
TRAV12-2*01	TRAJ42*01	CAGGGDGGSQGNLIF	TRBV19*01	TRBJ2-3*01	CASSIRSTDTQYF
TRAV12-2*01	TRAJ42*01	CAVSLGGGSQGNLIF	TRBV19*01	TRBJ2-3*01	CASSIRSTDTQYF
TRAV12-2*01	TRAJ23*01	CAGPYNQGGKLIF	TRBV19*01	TRBJ2-5*01	CASSIRSTETQYF
TRAV12-2*01	TRAJ42*01	CAVNLGGGSQGNLIF	TRBV19*01	TRBJ2-7*01	CASSIRSTYEQYF
TRAV12-2*01	TRAJ42*01	CAVNRGYGGSQGNLIF	TRBV19*01	TRBJ2-7*01	CASSMRASVEQYF
TRAV12-2*01	TRAJ42*01	CAVNKGGGSQGNLIF	TRBV19*01	TRBJ2-7*01	CASSMRASYEQYF
TRAV12-2*01	TRAJ42*01	CAVSLGGGSQGNLIF	TRBV19*01	TRBJ2-3*01	CASSMRSTDTQYF
TRAV12-2*01	TRAJ42*01	CAVPGGGGSQGNLIF	TRBV19*01	TRBJ2-1*01	CASSMRSTNEQFF
TRAV12-2*01	TRAJ7*01	CAVRVGTTDSLL	TRBV19*01	TRBJ2-3*01	CASSPLSTDTQYF
TRAV12-2*01	TRAJ42*01	CAVNEGGGSQGNLIF	TRBV19*01	TRBJ2-7*01	CASSPRSSYEQYF
TRAV12-2*01	TRAJ45*01	CAVAVGVSGGGADGLTF	TRBV19*01	TRBJ1-2*01	CASSQGAYGYTF
TRAV12-2*01	TRAJ37*01	CAASQGSGNTGKLIF	TRBV19*01	TRBJ2-7*01	CASSQRSSYEQYF
TRAV12-2*01	TRAJ58*01	CAVNLWTALLETSGSRLTF	TRBV19*01	TRBJ2-7*01	CASSSRSGVEQYF
TRAV12-2*01	TRAJ37*01	CAVTPSNTGKLIF	TRBV19*01	TRBJ2-1*01	CASSTRAGGVGQFF
TRAV12-2*01	TRAJ42*01	CAVNKGGGSQGNLIF	TRBV19*01	TRBJ2-7*01	CASSTRASEGQYF
TRAV12-2*01	TRAJ42*01	CAVSGDGGSQGNLIF	TRBV19*01	TRBJ2-7*01	CASSTRSAYEQYF
TRAV12-2*01	TRAJ23*01	CAAPSGNNQGGKLIF	TRBV19*01	TRBJ2-7*01	CASSVRSSYEQYF
TRAV12-2*01	TRAJ42*01	CALNYGGSQGNLIF	TRBV19*01	TRBJ2-7*01	CASSVRSSYEQYF
TRAV12-2*01	TRAJ43*01	CAVGGDMRF	TRBV19*01	TRBJ2-7*01	CASSVRSSYEQYF
TRAV12-3*01	TRAJ42*01	CAMSGDGGSQGNLIF	TRBV19*01	TRBJ1-5*01	CASSDRSNQPQHF
TRAV12-3*01	TRAJ42*01	CAMGGGGGSQGNLIF	TRBV19*01	TRBJ2-5*01	CASSFRSSETQYF
TRAV12-3*01	TRAJ42*01	CAMSGGGGSQGNLIF	TRBV19*01	TRBJ2-3*01	CASSGRSTDTQYF
TRAV12-3*01	TRAJ52*01	CAMSVNAGGTSYGKLTF	TRBV19*01	TRBJ1-2*01	CASSIGLYGYTF
TRAV12-3*01	TRAJ52*01	CAMRDTNAGGTSYGKLTF	TRBV19*01	TRBJ1-5*01	CASSILSNQPQHF
TRAV12-3*01	TRAJ42*01	CAMSGDGGSQGNLIF	TRBV19*01	TRBJ2-7*01	CASSIRAAYEQYF
TRAV12-3*01	TRAJ42*01	CAMSGRGGSQGNLIF	TRBV19*01	TRBJ1-5*01	CASSIRSAQPQHF
TRAV12-3*01	TRAJ42*01	CAMSGEGGSQGNLIF	TRBV19*01	TRBJ1-5*01	CASSIRSNQPQHF
TRAV12-3*01	TRAJ58*01	CAMSGGGRETSGSRLTF	TRBV19*01	TRBJ1-5*01	CASSIRSNQPQHF
TRAV12-3*01	TRAJ42*01	CAMSGSGGSQGNLIF	TRBV19*01	TRBJ1-1*01	CASSIRSNTEAFF
TRAV12-3*01	TRAJ42*01	CAMSGDGGSQGNLIF	TRBV19*01	TRBJ1-5*01	CASSKRSNQPQHF
TRAV12-3*01	TRAJ42*01	CAMSGDGGSQGNLIF	TRBV19*01	TRBJ2-5*01	CASSMRAGETQYF
TRAV12-3*01	TRAJ52*01	CAMRDTNAGGTSYGKLTF	TRBV19*01	TRBJ2-1*01	CASSMRSGSEQFF
TRAV12-3*01	TRAJ42*01	CAIGGDGGSQGNLIF	TRBV19*01	TRBJ1-3*01	CASSPRSGNTIYF
TRAV12-3*01	TRAJ42*01	CAMSGDGGSQGNLIF	TRBV19*01	TRBJ1-5*01	CASSPRSNQPQHF
TRAV12-3*01	TRAJ42*01	CAMSGHGGSQGNLIF	TRBV19*01	TRBJ2-7*01	CASSSRSSYEQYF
TRAV12-3*01	TRAJ42*01	CAMSGEGGSQGNLIF	TRBV19*01	TRBJ1-5*01	CASSTRSNQPQHF
TRAV12-3*01	TRAJ42*01	CAMSGDGGSQGNLIF	TRBV19*01	TRBJ1-5*01	CASSWRSNQPQHF
TRAV13-1*01	TRAJ15*01	CAATNQAGTALIF	TRBV19*01	TRBJ1-5*01	CASSDRSNQPQHF
TRAV13-1*01	TRAJ42*01	CAYGGSQGNLIF	TRBV19*01	TRBJ2-5*01	CASSFRSSETQYF
TRAV13-1*01	TRAJ23*01	CAANNQGGKLIF	TRBV19*01	TRBJ2-5*01	CASSGRSGETQYF
TRAV13-1*01	TRAJ42*01	CAEQGSQGNLIF	TRBV19*01	TRBJ2-5*01	CASSGRSGETQYF
TRAV13-1*01	TRAJ42*01	CALTGGGSQGNLIF	TRBV19*01	TRBJ2-3*01	CASSIRSGDTQYF
TRAV13-1*01	TRAJ37*01	CAVVPGNTGKLIF	TRBV19*01	TRBJ1-1*01	CASSIRSGESRAFF
TRAV13-1*01	TRAJ31*01	CAAREEGDARLMF	TRBV19*01	TRBJ2-5*01	CASSIRSGETQYF
TRAV13-1*01	TRAJ37*01	CAASEGSSNTGKLIF	TRBV19*01	TRBJ2-5*01	CASSIRSGETQYF
TRAV13-1*01	TRAJ42*01	CAASGGGSQGNLIF	TRBV19*01	TRBJ2-5*01	CASSIRSQETQYF
TRAV13-1*01	TRAJ37*01	CAAKSNTGKLIF	TRBV19*01	TRBJ2-5*01	CASSIRSSETQYF
TRAV13-1*01	TRAJ42*01	CAASGSQGNLIF	TRBV19*01	TRBJ2-5*01	CASSIRSSETQYF
TRAV13-1*01	TRAJ42*01	CAATGSQGNLIF	TRBV19*01	TRBJ2-5*01	CASSIRSSETQYF
TRAV13-1*01	TRAJ42*01	CAFGGSQGNLIF	TRBV19*01	TRBJ2-5*01	CASSIRSSETQYF
TRAV13-1*01	TRAJ42*01	CAASMGGGSQGNLIF	TRBV19*01	TRBJ2-7*01	CASSIRSSYEQYF
TRAV13-1*01	TRAJ42*01	CAASLGGGSQGNLIF	TRBV19*01	TRBJ2-3*01	CASSIRSTDTQYF
TRAV13-1*01	TRAJ42*01	CAASMGGGSQGNLIF	TRBV19*01	TRBJ2-3*01	CASSIRSTDTQYF
TRAV13-1*01	TRAJ42*01	CAASGGGSQGNLIF	TRBV19*01	TRBJ1-5*01	CASSKRSQEPQHF
TRAV13-1*01	TRAJ42*01	CAASGGGSQGNLIF	TRBV19*01	TRBJ2-3*01	CASSMFGTDTQYF
TRAV13-1*01	TRAJ37*01	CATVPSNTGKLIF	TRBV19*01	TRBJ2-6*01	CASSMRSGANVLTF
TRAV13-1*01	TRAJ8*01	CAALEPGFQKLVF	TRBV19*01	TRBJ2-3*01	CASSPLSTDTQYF
TRAV13-1*01	TRAJ37*01	CAAPYSSNTGKLIF	TRBV19*01	TRBJ2-5*01	CASSPRAGWETQYF
TRAV13-1*01	TRAJ47*01	CAASIRPMEYGNKLVF	TRBV19*01	TRBJ1-3*01	CASSTTGTPGNTIYF
TRAV13-1*01	TRAJ42*01	CAATGGGSQGNLIF	TRBV19*01	TRBJ2-5*01	CASSYRSQETQYF
TRAV13-2*01	TRAJ42*01	CAENMGGGSQGNLIF	TRBV19*01	TRBJ1-3*01	CASSDRSGNTIYF
TRAV13-2*01	TRAJ42*01	CAENIGGGSQGNLIF	TRBV19*01	TRBJ2-5*01	CASSFRSGETQYF
TRAV13-2*01	TRAJ42*01	CAENTGGGSQGNLIF	TRBV19*01	TRBJ1-4*01	CASSFRSSEKLFF
TRAV13-2*01	TRAJ42*01	CAENMGGGSQGNLIF	TRBV19*01	TRBJ2-7*01	CASSGRAAYEQYF
TRAV13-2*01	TRAJ42*01	CAENIGGGSQGNLIF	TRBV19*01	TRBJ2-3*01	CASSGRAGDTQYF
TRAV13-2*01	TRAJ42*01	CAENIGGSQGNLIF	TRBV19*01	TRBJ2-1*01	CASSHYSVNEQFF
TRAV13-2*01	TRAJ42*01	CAENSGGGSQGNLIF	TRBV19*01	TRBJ2-5*01	CASSIRAAETQYF
TRAV13-2*01	TRAJ42*01	CAENMGGGSQGNLIF	TRBV19*01	TRBJ2-2*01	CASSIRAAGELFF
TRAV13-2*01	TRAJ30*01	CADMNRDDKIIF	TRBV19*01	TRBJ2-7*01	CASSIRAAYEQYF
TRAV13-2*01	TRAJ42*01	CAERGGGGSQGNLIF	TRBV19*01	TRBJ2-5*01	CASSIRASETQYF
TRAV13-2*01	TRAJ42*01	CAENLAGGSQGNLIF	TRBV19*01	TRBJ2-7*01	CASSIRASYEQYF
TRAV13-2*01	TRAJ42*01	CAENNGGGSQGNLIF	TRBV19*01	TRBJ2-1*01	CASSIRSGNEQFF
TRAV13-2*01	TRAJ42*01	CAENMGGGSQGNLIF	TRBV19*01	TRBJ2-7*01	CASSIRSGNEQYF
TRAV13-2*01	TRAJ42*01	CAENIGGGSQGNLIF	TRBV19*01	TRBJ1-1*01	CASSIRSGTEAFF
TRAV13-2*01	TRAJ42*01	CAENKGGGSQGNLIF	TRBV19*01	TRBJ2-2*01	CASSIRSSGELFF
TRAV13-2*01	TRAJ42*01	CAENMSGGSQGNLIF	TRBV19*01	TRBJ2-7*01	CASSIRSSYEQYF
TRAV13-2*01	TRAJ42*01	CAENNGGGSQGNLIF	TRBV19*01	TRBJ2-1*01	CASSIRSVHEQFF
TRAV13-2*01	TRAJ42*01	CAENMGGGSQGNLIF	TRBV19*01	TRBJ1-1*01	CASSKRSGAEAFF
TRAV13-2*01	TRAJ42*01	CAENTGGGSQGNLIF	TRBV19*01	TRBJ2-3*01	CASSLRSTDTQYF
TRAV13-2*01	TRAJ34*01	CAENMRNTDKLIF	TRBV19*01	TRBJ2-2*01	CASSSFGGRELFF
TRAV13-2*01	TRAJ42*01	CAENMGGGSQGNLIF	TRBV19*01	TRBJ2-5*01	CASSSRSGETQYF
TRAV13-2*01	TRAJ42*01	CAENLGGGSQGNLIF	TRBV19*01	TRBJ2-2*01	CASSTRATGELFF
TRAV13-2*01	TRAJ36*01	CAAPKGANNLFF	TRBV19*01	TRBJ2-3*01	CASSTRSGDTQYF
TRAV13-2*01	TRAJ42*01	CAENMGGGSQGNLIF	TRBV19*01	TRBJ2-3*01	CASSTRSGDTQYF
TRAV13-2*01	TRAJ42*01	CAEGGDGGSQGNLIF	TRBV19*01	TRBJ2-7*01	CASSTRSTYEQYF
TRAV13-2*01	TRAJ42*01	CAENTGGGSQGNLIF	TRBV19*01	TRBJ2-3*01	CASSWRSTDTQYF
TRAV13-2*01	TRAJ42*01	CAENGGGGSQGNLIF	TRBV19*01	TRBJ2-3*01	CASSYRATDTQYF
TRAV14/DV4*01	TRAJ52*01	CAMRGDAGGTSYGKLTF	TRBV19*01	TRBJ1-5*01	CASSFYSNQPQHF
TRAV14/DV4*01	TRAJ33*01	CAMREEGMDSNYQLIW	TRBV19*01	TRBJ1-5*01	CASSIFSGKPQHF
TRAV14/DV4*01	TRAJ27*01	CAMREGWPNTNAGKSTF	TRBV19*01	TRBJ2-5*01	CASSIRAAETQYF
TRAV14/DV4*01	TRAJ13*01	CAPFTGYQKVTF	TRBV19*01	TRBJ2-7*01	CASSIRSAYEQYF
TRAV14/DV4*01	TRAJ45*01	CAMRERGGGADGLTF	TRBV19*01	TRBJ1-2*01	CASSLGSYGYTF
TRAV14/DV4*01	TRAJ42*01	CAMREGGGSQGNLIF	TRBV19*01	TRBJ2-7*01	CASSMRSGVEQYF
TRAV14/DV4*01	TRAJ33*01	CAMREDSNYQLIW	TRBV19*01	TRBJ1-5*01	CASSPHGGQPRTGQHF
TRAV14/DV4*01	TRAJ33*01	CAMRPLGMDSNYQLIW	TRBV19*01	TRBJ2-7*01	CASSTHGADEQYF
TRAV14/DV4*01	TRAJ52*01	CAMREDPGGTSYGKLTF	TRBV19*01	TRBJ1-5*01	CASSTYSNQPQHF
TRAV14/DV4*01	TRAJ52*01	CAMREDPGGTSYGKLTF	TRBV19*01	TRBJ1-5*01	CASSWLSNQPQHF
TRAV16*01	TRAJ29*01	CALKIPLVF	TRBV19*01	TRBJ2-7*01	CASSIRSAYEQYF
TRAV16*01	TRAJ38*01	CALDRAGNNRKLIW	TRBV19*01	TRBJ2-7*01	CASSIRSSYEQYF
TRAV16*01	TRAJ26*01	CALTGNYGQNFVF	TRBV19*01	TRBJ2-7*01	CASSIRSSYEQYF
TRAV16*01	TRAJ23*01	CARIVRGKLIF	TRBV19*01	TRBJ2-7*01	CASSIRSSYEQYF
TRAV16*01	TRAJ12*01	CALSSGDSSYKLIF	TRBV19*01	TRBJ2-1*01	CASSPFGSDEQFF
TRAV16*01	TRAJ43*01	CALKNNDMRF	TRBV19*01	TRBJ2-3*01	CASSWRSTDTQYF
TRAV17*01	TRAJ42*01	CATDAGGGSQGNLIF	TRBV19*01	TRBJ2-1*01	CASMELAGLNEQFF
TRAV17*01	TRAJ42*01	CATDGGGGSQGNLIF	TRBV19*01	TRBJ2-1*01	CASSGLAGLNEQFF
TRAV17*01	TRAJ24*01	CATDDLGLTTDSWGKFQF	TRBV19*01	TRBJ1-5*01	CASSIFGSSNQPQHF
TRAV17*01	TRAJ53*01	CATDGSSGGSNYKLTF	TRBV19*01	TRBJ1-2*01	CASSIGLYGYTF
TRAV17*01	TRAJ11*01	CATDAMSAGYSTLTF	TRBV19*01	TRBJ2-7*01	CASSIRSSYEQYF
TRAV17*01	TRAJ37*01	CATDGSSSNTGKLIF	TRBV19*01	TRBJ2-1*01	CASSIYSGGYNEQFF
TRAV17*01	TRAJ33*01	CATARSSMDSNYQLIW	TRBV19*01	TRBJ1-5*01	CATAPHSGNQPQHF
TRAV17*01	TRAJ42*01	CATDGGGGSQGNLIF	TRBV19*01	TRBJ2-3*01	CATSQRSTDTQYF
TRAV19*01	TRAJ6*01	CALSEAGTGGSYIPTF	TRBV19*01	TRBJ1-5*01	CASSIFGGQPQHF
TRAV19*01	TRAJ40*01	CAPRTSGTYKYIF	TRBV19*01	TRBJ1-1*01	CASSIFGQVDAFF
TRAV19*01	TRAJ6*01	CALSEAGVTGGSYIPTF	TRBV19*01	TRBJ1-1*01	CASSIFLGAEAFF
TRAV19*01	TRAJ9*01	CALRGATGGFKTIF	TRBV19*01	TRBJ2-7*01	CASSIRASYEQYF
TRAV19*01	TRAJ39*01	CALLRRNAGNMLTF	TRBV19*01	TRBJ1-1*01	CASSIRSNTEAFF
TRAV19*01	TRAJ33*01	CALSEAGNYQLIW	TRBV19*01	TRBJ2-2*01	CASSISSTGELFF
TRAV19*01	TRAJ30*01	CALCKGDDKIIF	TRBV19*01	TRBJ2-2*01	CASSMRSTGELFF
TRAV19*01	TRAJ11*01	CALSDNEDSTLTF	TRBV19*01	TRBJ2-1*01	CASSPLAVTYNEQFF
TRAV19*01	TRAJ52*01	CALMGNAGGTSYGKLTF	TRBV19*01	TRBJ1-2*01	CASSQGNYGYTF
TRAV19*01	TRAJ20*01	CARATNDYKLSF	TRBV19*01	TRBJ1-2*01	CASSSAGPYGYTF
TRAV19*01	TRAJ6*01	CALSEAGTGGSYIPTF	TRBV19*01	TRBJ1-1*01	CASSSFLGAEAFF
TRAV19*01	TRAJ33*01	CALSESWTAMDSNYQLIW	TRBV19*01	TRBJ2-7*01	CASSTHPGNEQYF
TRAV19*01	TRAJ3*01	CALSEPPGKSSASKIIF	TRBV19*01	TRBJ2-1*01	CASSTTSGGLNEQFF
TRAV2*01	TRAJ3*01	CAVGESSASKIIF	TRBV19*01	TRBJ1-1*01	CASSIRAGDNTEAFF
TRAV2*01	TRAJ13*01	CAFSGGYQKVTF	TRBV19*01	TRBJ2-7*01	CASSIRSAYEQYF
TRAV20*01	TRAJ58*01	CAVQAFVEETSGSRLTF	TRBV19*01	TRBJ2-7*01	CASSIRSSYEQYF
TRAV20*01	TRAJ30*01	CVPVTLGVNRDDKIIF	TRBV19*01	TRBJ1-3*01	CASSQFFGNTIYF
TRAV20*01	TRAJ32*01	CAVFFEGGATNKLIF	TRBV19*01	TRBJ1-2*01	CASSQGSWGYTF
TRAV21*01	TRAJ43*01	CAVSCDGLSNNNDMRF	TRBV19*01	TRBJ1-2*01	CASSIGAYRYTF
TRAV21*01	TRAJ23*01	CAELIYNQGGKLIF	TRBV19*01	TRBJ2-7*01	CASSIRASVEQYF
TRAV21*01	TRAJ7*01	CAARPSF	TRBV19*01	TRBJ2-7*01	CASSIRSSYEQYF
TRAV21*01	TRAJ47*01	CAVSKTGNKLVF	TRBV19*01	TRBJ2-7*01	CASSIRSSYEQYF
TRAV21*01	TRAJ39*01	CAAALYNNAGNMLTF	TRBV19*01	TRBJ1-5*01	CASSIYSNQPQHF
TRAV21*01	TRAJ57*01	CAVRNQGGSEKLVF	TRBV19*01	TRBJ1-2*01	CASSLGAYGYTF
TRAV21*01	TRAJ47*01	CAVRRDGNKLVF	TRBV19*01	TRBJ2-5*01	CASSMRAGETQYF
TRAV21*01	TRAJ37*01	CAVNPSNTGKLIF	TRBV19*01	TRBJ2-1*01	CASSPFGSDEQFF
TRAV21*01	TRAJ52*01	CAVRIGGGTSYGKLTF	TRBV19*01	TRBJ2-7*01	CASSSRSGVEQYF
TRAV21*01	TRAJ34*01	CAVDNTDKLIF	TRBV19*01	TRBJ2-7*01	CASSSRSSYEQYF
TRAV22*01	TRAJ37*01	CAGSPSNTGKLIF	TRBV19*01	TRBJ2-7*01	CASSARSSYEQYF
TRAV22*01	TRAJ33*01	CAVVRGSMDSNYQLIW	TRBV19*01	TRBJ1-5*01	CASSIFTIEPQHF
TRAV22*01	TRAJ18*01	CAVEFLDRGSTLGRLYF	TRBV19*01	TRBJ2-3*01	CASSIISVDTQYF
TRAV22*01	TRAJ37*01	CAGPPGSSNTGKLIF	TRBV19*01	TRBJ2-7*01	CASSIRSSYEQYF
TRAV22*01	TRAJ53*01	CAVATMGSGGSNYKLTF	TRBV19*01	TRBJ2-7*01	CASSSFLLSEQYF
TRAV23/DV6*01	TRAJ28*01	CAASPRDQPLSGAGSYQLTF	TRBV19*01	TRBJ1-5*01	CASSIHSGNQPQHF
TRAV23/DV6*01	TRAJ33*01	CAASPTGMDSNYQLIW	TRBV19*01	TRBJ1-5*01	CASSIHTANQPQHF
TRAV23/DV6*01	TRAJ12*01	CAARRRGMDSSYKLIF	TRBV19*01	TRBJ1-5*01	CASSINSNQPQHF
TRAV23/DV6*01	TRAJ27*01	CAALEETNAGKSTF	TRBV19*01	TRBJ2-7*01	CASSIRSSYEQYF
TRAV23/DV6*01	TRAJ43*01	CAASIEGPGPNNNDMRF	TRBV19*01	TRBJ2-7*01	CASSIRSSYEQYF
TRAV23/DV6*01	TRAJ42*01	CAADNYGGSQGNLIF	TRBV19*01	TRBJ1-2*01	CASSIYGGAGDGYTF
TRAV23/DV6*01	TRAJ3*01	CAASILSSASKIIF	TRBV19*01	TRBJ1-5*01	CASSPHGGQPRTGQHF
TRAV23/DV6*01	TRAJ7*01	CAASYGNNRLAF	TRBV19*01	TRBJ2-7*01	CASSTRASEGQYF
TRAV24*01	TRAJ37*01	CAFIGNTGKLIF	TRBV19*01	TRBJ2-1*01	CASSIFGGSSYNEQFF
TRAV24*01	TRAJ47*01	CAFPIHMEYGNKLVF	TRBV19*01	TRBJ1-4*01	CASSIFQNEKLFF
TRAV24*01	TRAJ37*01	CASAGSGNTGKLIF	TRBV19*01	TRBJ2-1*01	CASSIRSAWEQFF
TRAV24*01	TRAJ42*01	CAFGGGGSQGNLIF	TRBV19*01	TRBJ2-3*01	CASSIRSVDTQYF
TRAV25*01	TRAJ42*01	CAGNYGGSQGNLIF	TRBV19*01	TRBJ2-3*01	CASSFRSTDTQYF
TRAV25*01	TRAJ42*01	CAGNYGGSQGNLIF	TRBV19*01	TRBJ2-3*01	CASSGRSTDTQYF
TRAV25*01	TRAJ42*01	CAGPEEGGSQGNLIF	TRBV19*01	TRBJ2-3*01	CASSGRSTDTQYF
TRAV25*01	TRAJ42*01	CAANYGGSQGNLIF	TRBV19*01	TRBJ2-2*01	CASSGRSTGELFF
TRAV25*01	TRAJ42*01	CAGNYGGSQGNLIF	TRBV19*01	TRBJ2-3*01	CASSIRSSDTQYF
TRAV25*01	TRAJ16*01	CEPPVSDGQKLLF	TRBV19*01	TRBJ2-7*01	CASSIRSSYEQYF
TRAV25*01	TRAJ42*01	CAGKGGGSQGNLIF	TRBV19*01	TRBJ1-1*01	CASSIRSTEGAFF
TRAV25*01	TRAJ42*01	CAGSGGGSQGNLIF	TRBV19*01	TRBJ2-2*01	CASSIRSTGELFF
TRAV25*01	TRAJ42*01	CAGNYGGSQGNLIF	TRBV19*01	TRBJ2-2*01	CASSKRSTGELFF
TRAV25*01	TRAJ42*01	CAATGGGSQGNLIF	TRBV19*01	TRBJ2-3*01	CASSMRSADTQYF
TRAV25*01	TRAJ42*01	CAGAYGGSQGNLIF	TRBV19*01	TRBJ2-1*01	CASSMRSGSEQFF
TRAV25*01	TRAJ42*01	CAGQYGGSQGNLIF	TRBV19*01	TRBJ2-3*01	CASSMRSSDTQYF
TRAV25*01	TRAJ42*01	CAGGSGGSQGNLIF	TRBV19*01	TRBJ2-2*01	CASSMRSTGELFF
TRAV25*01	TRAJ42*01	CAGTHGGSQGNLIF	TRBV19*01	TRBJ1-6*01	CASSPRSDSPLHF
TRAV25*01	TRAJ42*01	CAGNYGGSQGNLIF	TRBV19*01	TRBJ2-3*01	CASSPRSTDTQYF
TRAV25*01	TRAJ42*01	CAGSSGGSQGNLIF	TRBV19*01	TRBJ2-3*01	CASSPRSTDTQYF
TRAV25*01	TRAJ42*01	CAGSHGGSQGNLIF	TRBV19*01	TRBJ2-2*01	CASSQRSTGELFF
TRAV25*01	TRAJ10*01	CASFTGGGNKLTF	TRBV19*01	TRBJ1-1*01	CASSSTGGGVTEAFF
TRAV25*01	TRAJ37*01	CADPFSSNTGKLIF	TRBV19*01	TRBJ1-1*01	CASSTFSSGRTEAFF
TRAV25*01	TRAJ42*01	CAGSNGGSQGNLIF	TRBV19*01	TRBJ2-3*01	CASSTRSADTQYF
TRAV25*01	TRAJ42*01	CAGNYGGSQGNLIF	TRBV19*01	TRBJ1-5*01	CASSTRSHEPQHF
TRAV25*01	TRAJ42*01	CAITYGGSQGNLIF	TRBV19*01	TRBJ2-3*01	CASSTRSTDTQYF
TRAV25*01	TRAJ42*01	CAGNYGGSQGNLIF	TRBV19*01	TRBJ2-3*01	CASSVRSSDTQYF
TRAV25*01	TRAJ42*01	CAANYGGSQGNLIF	TRBV19*01	TRBJ2-3*01	CASSVRSTDTQYF
TRAV25*01	TRAJ42*01	CAGGDGGSQGNLIF	TRBV19*01	TRBJ2-3*01	CASSVRSTDTQYF
TRAV25*01	TRAJ42*01	CAGSYGGSQGNLIF	TRBV19*01	TRBJ2-3*01	CASSVRSTDTQYF
TRAV25*01	TRAJ42*01	CAGPIDGGSQGNLIF	TRBV19*01	TRBJ1-5*01	CASSVYSNQPQHF
TRAV25*01	TRAJ42*01	CAGPQDGGSQGNLIF	TRBV19*01	TRBJ1-5*01	CASSYYSNQPQHF
TRAV26-1*01	TRAJ52*01	CIVRVSGAGGTSYGKLTF	TRBV19*01	TRBJ2-5*01	CASSGRSGETQYF
TRAV26-1*01	TRAJ39*01	CIVRVEGISNAGNMLTF	TRBV19*01	TRBJ2-7*01	CASSIRASYEQYF
TRAV26-1*01	TRAJ43*01	CIVRAYNNNDMRF	TRBV19*01	TRBJ2-7*01	CASSIRSSYEQYF
TRAV26-1*01	TRAJ41*01	CIVRGFSNSGYALNF	TRBV19*01	TRBJ2-1*01	CASSIYSRGDEQFF
TRAV26-1*01	TRAJ20*01	CIVRASGDYKLSF	TRBV19*01	TRBJ2-1*01	CASSPRSGVEQFF
TRAV26-1*01	TRAJ34*01	CIVRVANTDKLIF	TRBV19*01	TRBJ1-4*01	CASSSFSANEKLFF
TRAV26-2*01	TRAJ43*01	CIPYNNNDMRF	TRBV19*01	TRBJ1-2*01	CASSIGIYGYTF
TRAV26-2*01	TRAJ15*01	CILRAPGAGTALIF	TRBV19*01	TRBJ1-2*01	CASSIGVYGYTF
TRAV26-2*01	TRAJ35*01	CILREGFGNVLHC	TRBV19*01	TRBJ2-1*01	CASSMRSGSEQFF
TRAV26-2*01	TRAJ57*01	CILSIQGGSEKLVF	TRBV19*01	TRBJ1-5*01	CASSPRSSQPQHF
TRAV26-2*01	TRAJ44*01	CILRDVGTGTASKLTF	TRBV19*01	TRBJ2-7*01	CASSSRSGYEQYF
TRAV26-2*01	TRAJ37*01	CILPHAIYGSSNTGKLIF	TRBV19*01	TRBJ2-3*01	CASSVRSTDTQYF
TRAV27*01	TRAJ20*01	CAGAPSLFSNDYKLSF	TRBV19*01	TRBJ2-7*01	CASGLPYEQYF
TRAV27*01	TRAJ42*01	CAGAGGGSQGNLIF	TRBV19*01	TRBJ2-1*01	CASSARSSNEQFF
TRAV27*01	TRAJ42*01	CAGAHGGSQGNLIF	TRBV19*01	TRBJ2-3*01	CASSGRSADTQYF
TRAV27*01	TRAJ42*01	CAGAGGGSQGNLIF	TRBV19*01	TRBJ2-2*01	CASSGRSTGELFF
TRAV27*01	TRAJ42*01	CAGASGGSQGNLIF	TRBV19*01	TRBJ2-2*01	CASSGRSTGELFF
TRAV27*01	TRAJ42*01	CAGAYGGSQGNLIF	TRBV19*01	TRBJ2-2*01	CASSGRSTGELFF
TRAV27*01	TRAJ42*01	CAGDGGGGSQGNLIF	TRBV19*01	TRBJ2-3*01	CASSHRSTDTQYF
TRAV27*01	TRAJ44*01	CAGAGGTASKLTF	TRBV19*01	TRBJ1-2*01	CASSIGAYGYTF
TRAV27*01	TRAJ42*01	CAGAGGGGSQGNLIF	TRBV19*01	TRBJ2-7*01	CASSIRAAYEQYF
TRAV27*01	TRAJ42*01	CAGAQGGGSQGNLIF	TRBV19*01	TRBJ2-7*01	CASSIRAAYEQYF
TRAV27*01	TRAJ37*01	CAGASGSSNTGKLIF	TRBV19*01	TRBJ2-7*01	CASSIRAAYEQYF
TRAV27*01	TRAJ42*01	CAGGTGGGSQGNLIF	TRBV19*01	TRBJ2-7*01	CASSIRASYEQYF
TRAV27*01	TRAJ37*01	CAGASGNTGKLIF	TRBV19*01	TRBJ2-7*01	CASSIRGAYEQYF
TRAV27*01	TRAJ42*01	CAGAHGGSQGNLIF	TRBV19*01	TRBJ1-4*01	CASSIRSAEKLFF
TRAV27*01	TRAJ37*01	CAGAEGSGNTGKLIF	TRBV19*01	TRBJ2-7*01	CASSIRSAYEQYF
TRAV27*01	TRAJ37*01	CAGAEGSSNTGKLIF	TRBV19*01	TRBJ2-7*01	CASSIRSAYEQYF
TRAV27*01	TRAJ42*01	CAGAGVGYGGSQGNLIF	TRBV19*01	TRBJ2-7*01	CASSIRSAYEQYF
TRAV27*01	TRAJ37*01	CAGANGSSNTGKLIF	TRBV19*01	TRBJ2-7*01	CASSIRSAYEQYF
TRAV27*01	TRAJ37*01	CAGGGSGNTGKLIF	TRBV19*01	TRBJ2-7*01	CASSIRSAYEQYF
TRAV27*01	TRAJ42*01	CAGSGSQGNLIF	TRBV19*01	TRBJ2-7*01	CASSIRSAYEQYF
TRAV27*01	TRAJ37*01	CAGANGSSNTGKLIF	TRBV19*01	TRBJ2-3*01	CASSIRSAYTQYF
TRAV27*01	TRAJ27*01	CAGSNTNAGKSTF	TRBV19*01	TRBJ2-7*01	CASSIRSEYEQYF
TRAV27*01	TRAJ30*01	CAGAQITNRDDKIIF	TRBV19*01	TRBJ2-7*01	CASSIRSFYEQYF
TRAV27*01	TRAJ42*01	CAGGGDGGSQGNLIF	TRBV19*01	TRBJ2-7*01	CASSIRSGVEQYF
TRAV27*01	TRAJ42*01	CAGASGGGSQGNLIF	TRBV19*01	TRBJ2-1*01	CASSIRSGYEQFF
TRAV27*01	TRAJ42*01	CAGADGGGSQGNLIF	TRBV19*01	TRBJ2-7*01	CASSIRSGYEQYF
TRAV27*01	TRAJ42*01	CAGAGGGSQGNLIF	TRBV19*01	TRBJ2-1*01	CASSIRSSDEQFF
TRAV27*01	TRAJ42*01	CAGATGGGSQGNLIF	TRBV19*01	TRBJ1-1*01	CASSIRSSFEAFF
TRAV27*01	TRAJ42*01	CAGGYGGSQGNLIF	TRBV19*01	TRBJ2-7*01	CASSIRSSHEQYF
TRAV27*01	TRAJ42*01	CAMNYGGSQGNLIF	TRBV19*01	TRBJ2-7*01	CASSIRSSHEQYF
TRAV27*01	TRAJ37*01	CAGADDTGKLIF	TRBV19*01	TRBJ2-7*01	CASSIRSSYEQYF
TRAV27*01	TRAJ42*01	CAGAGPGSQGNLIF	TRBV19*01	TRBJ2-7*01	CASSIRSSYEQYF
TRAV27*01	TRAJ42*01	CAGAKGGGSQGNLIF	TRBV19*01	TRBJ2-7*01	CASSIRSSYEQYF
TRAV27*01	TRAJ37*01	CAGASGSSNTGKLIF	TRBV19*01	TRBJ2-7*01	CASSIRSSYEQYF
TRAV27*01	TRAJ37*01	CAGAWNTGKLIF	TRBV19*01	TRBJ2-7*01	CASSIRSSYEQYF
TRAV27*01	TRAJ58*01	CAGEKETSGSRLTF	TRBV19*01	TRBJ2-7*01	CASSIRSSYEQYF
TRAV27*01	TRAJ42*01	CAGPGDGGSQGNLIF	TRBV19*01	TRBJ2-7*01	CASSIRSSYEQYF
TRAV27*01	TRAJ42*01	CAGSGSQGNLIF	TRBV19*01	TRBJ2-7*01	CASSIRSSYEQYF
TRAV27*01	TRAJ42*01	CAGAGGGSQGNLIF	TRBV19*01	TRBJ2-3*01	CASSIRSTDTQYF
TRAV27*01	TRAJ42*01	CAGSGGGSQGNLIF	TRBV19*01	TRBJ2-3*01	CASSIRSTDTQYF
TRAV27*01	TRAJ42*01	CAGTGGGSQGNLIF	TRBV19*01	TRBJ2-3*01	CASSIRSTDTQYF
TRAV27*01	TRAJ42*01	CAGGDGGSQGNLIF	TRBV19*01	TRBJ2-2*01	CASSIRSTGELFF
TRAV27*01	TRAJ42*01	CAGGGGGSQGNLIF	TRBV19*01	TRBJ1-5*01	CASSISGANQPQHF
TRAV27*01	TRAJ35*01	CAGAVGGFGNVLHC	TRBV19*01	TRBJ1-5*01	CASSIYSNQPQHF
TRAV27*01	TRAJ42*01	CAGGGQGGSQGNLIF	TRBV19*01	TRBJ1-5*01	CASSIYSNQPQHF
TRAV27*01	TRAJ27*01	CAGPPPNAGKSTF	TRBV19*01	TRBJ2-7*01	CASSMRSAYEQYF
TRAV27*01	TRAJ42*01	CAGAGGGSQGNLIF	TRBV19*01	TRBJ2-3*01	CASSMRSSDTQYF
TRAV27*01	TRAJ42*01	CAYSYGGSQGNLIF	TRBV19*01	TRBJ2-3*01	CASSMRSSDTQYF
TRAV27*01	TRAJ42*01	CASNYGGSQGNLIF	TRBV19*01	TRBJ2-7*01	CASSMRSSYEQYF
TRAV27*01	TRAJ42*01	CAGAGGGSQGNLIF	TRBV19*01	TRBJ2-3*01	CASSMRSTDTQYF
TRAV27*01	TRAJ42*01	CAGTDGGSQGNLIF	TRBV19*01	TRBJ2-3*01	CASSPRSTDTQYF
TRAV27*01	TRAJ42*01	CAGADGGSQGNLIF	TRBV19*01	TRBJ2-3*01	CASSQRSTDTQYF
TRAV27*01	TRAJ42*01	CAGAGGGSQGNLIF	TRBV19*01	TRBJ2-3*01	CASSQRSTDTQYF
TRAV27*01	TRAJ42*01	CAGALGGGSQGNLIF	TRBV19*01	TRBJ2-7*01	CASSSRAAYEQYF
TRAV27*01	TRAJ23*01	CAGAHQGGKLIF	TRBV19*01	TRBJ2-7*01	CASSSRSAYEQYF
TRAV27*01	TRAJ37*01	CAGALGSSNTGKLIF	TRBV19*01	TRBJ2-7*01	CASSSRSAYEQYF
TRAV27*01	TRAJ37*01	CAGNSGNTGKLIF	TRBV19*01	TRBJ2-7*01	CASSSRSGYEQYF
TRAV27*01	TRAJ37*01	CAGAAGSSNTGKLIF	TRBV19*01	TRBJ2-7*01	CASSTRSAYEQYF
TRAV27*01	TRAJ42*01	CAGAGSQGNLIF	TRBV19*01	TRBJ2-7*01	CASSTRSAYEQYF
TRAV27*01	TRAJ37*01	CAGALGSSNTGKLIF	TRBV19*01	TRBJ2-7*01	CASSTRSAYEQYF
TRAV27*01	TRAJ37*01	CAGAPGSSNTGKLIF	TRBV19*01	TRBJ2-7*01	CASSTRSAYEQYF
TRAV27*01	TRAJ42*01	CAGGGSQGNLIF	TRBV19*01	TRBJ2-7*01	CASSTRSAYEQYF
TRAV27*01	TRAJ42*01	CAGAYGGSQGNLIF	TRBV19*01	TRBJ1-6*01	CASSTRSDSPLHF
TRAV27*01	TRAJ37*01	CAGAGSSNTGKLIF	TRBV19*01	TRBJ2-7*01	CASSTRSGWEQYF
TRAV27*01	TRAJ27*01	CAGANTNAGKSTF	TRBV19*01	TRBJ2-7*01	CASSTRSSYEQYF
TRAV27*01	TRAJ42*01	CAGGGEGGSQGNLIF	TRBV19*01	TRBJ2-7*01	CASSTRSSYEQYF
TRAV27*01	TRAJ42*01	CAGNYGGSQGNLIF	TRBV19*01	TRBJ2-7*01	CASSTRSSYEQYF
TRAV27*01	TRAJ42*01	CAGGGGGSQGNLIF	TRBV19*01	TRBJ1-5*01	CASSTSGANQPQHF
TRAV27*01	TRAJ42*01	CAGANGGSQGNLIF	TRBV19*01	TRBJ2-2*01	CASSVRSAGELFF
TRAV27*01	TRAJ37*01	CAGADGSGNTGKLIF	TRBV19*01	TRBJ2-7*01	CASSVRSAYEQYF
TRAV27*01	TRAJ42*01	CAAPGSQGNLIF	TRBV19*01	TRBJ2-7*01	CASSVRSSYEQYF
TRAV27*01	TRAJ42*01	CAGTHGGSQGNLIF	TRBV19*01	TRBJ2-3*01	CASSVRSTDTQYF
TRAV27*01	TRAJ42*01	CAGVEYGGSQGNLIF	TRBV19*01	TRBJ2-7*01	CASSVRSTYEQYF
TRAV27*01	TRAJ42*01	CAGAGHGGSQGNLIF	TRBV19*01	TRBJ1-5*01	CASSYYSNQPQHF
TRAV29/DV5*01	TRAJ39*01	CAASGSSNAGNMLTF	TRBV19*01	TRBJ1-1*01	CASRAGREAFF
TRAV29/DV5*01	TRAJ52*01	CAASPNAGGTSYGKLTF	TRBV19*01	TRBJ1-2*01	CASSIGLYGYTF
TRAV29/DV5*01	TRAJ50*01	CAATGTSYDKVIF	TRBV19*01	TRBJ1-5*01	CASSIHKNQPQHF
TRAV29/DV5*01	TRAJ50*01	CAAKGTSYDKVIF	TRBV19*01	TRBJ1-5*01	CASSIHSNQPQHF
TRAV29/DV5*01	TRAJ42*01	CAARGGGGSQGNLIF	TRBV19*01	TRBJ2-7*01	CASSIRASYEQYF
TRAV29/DV5*01	TRAJ24*01	CAASTDSWGKLQF	TRBV19*01	TRBJ2-7*01	CASSIRGAYEQYF
TRAV29/DV5*01	TRAJ39*01	CAPSCNAGNMLTF	TRBV19*01	TRBJ1-4*01	CASSIRSAEKLFF
TRAV29/DV5*01	TRAJ42*01	CAAREGGGSQGNLIF	TRBV19*01	TRBJ2-7*01	CASSIRSSNEQYF
TRAV29/DV5*01	TRAJ37*01	CAAKGSSNTGKLIF	TRBV19*01	TRBJ2-7*01	CASSIRSSYEQYF
TRAV29/DV5*01	TRAJ26*01	CAPLQIYNYGQNFVF	TRBV19*01	TRBJ1-2*01	CASSLGLYGYTF
TRAV29/DV5*01	TRAJ43*01	CAASASNNNDMRF	TRBV19*01	TRBJ2-1*01	CASSMVSQGEQFF
TRAV29/DV5*01	TRAJ43*01	CAASVYRGYNNNDMRF	TRBV19*01	TRBJ1-5*01	CASSPRSNQPQHF
TRAV29/DV5*01	TRAJ53*01	CAAISVGGSNYKLTF	TRBV19*01	TRBJ1-1*01	CASSSGLFSF
TRAV29/DV5*01	TRAJ41*01	CAASGTSNSGYALNF	TRBV19*01	TRBJ1-5*01	CASSTGQPQHF
TRAV29/DV5*01	TRAJ45*01	CAASVDYSGGGADGLTF	TRBV19*01	TRBJ2-7*01	CASSTRSAYEQYF
TRAV29/DV5*01	TRAJ21*01	CAPLYNFNKFYF	TRBV19*01	TRBJ2-7*01	CASSTRSAYEQYF
TRAV29/DV5*01	TRAJ27*01	CAASGTNAGKSTF	TRBV19*01	TRBJ1-5*01	CASSVRSGWQPQHF
TRAV29/DV5*01	TRAJ47*01	CAAGEYGNKLVF	TRBV19*01	TRBJ2-7*01	CASSVRSSYEQYF
TRAV29/DV5*01	TRAJ43*01	CAAPTGNNNDMRF	TRBV19*01	TRBJ2-3*01	CASSVRSTDTQYF
TRAV29/DV5*01	TRAJ13*01	CAASPHSGGYQKVTF	TRBV19*01	TRBJ2-3*01	CASSVRSTDTQYF
TRAV29/DV5*01	TRAJ50*01	CAATGTSYDKVIF	TRBV19*01	TRBJ1-5*01	CASSYHSNQPQHF
TRAV3*01	TRAJ36*01	CAVRDGTGANNLFF	TRBV19*01	TRBJ1-4*01	CASAGTGVEKLFF
TRAV3*01	TRAJ36*01	CAVRDGTGANNLFF	TRBV19*01	TRBJ2-4*01	CASAGTGVNIQYF
TRAV3*01	TRAJ36*01	CAVRDGTGANNLFF	TRBV19*01	TRBJ2-3*01	CASNPSSTDTQYF
TRAV3*01	TRAJ45*01	CAVAKDLQNSGGGADGLTF	TRBV19*01	TRBJ2-7*01	CASSARSSTEQYF
TRAV3*01	TRAJ42*01	CAVSLGGGSQGNLIF	TRBV19*01	TRBJ2-3*01	CASSGRSTDTQYF
TRAV3*01	TRAJ42*01	CAVSGSQGNLIF	TRBV19*01	TRBJ2-7*01	CASSIRSSYEQYF
TRAV3*01	TRAJ36*01	CAVRDGTGANNLFF	TRBV19*01	TRBJ2-2*01	CASSISSTGELFF
TRAV3*01	TRAJ36*01	CAVRDGTGANNLFF	TRBV19*01	TRBJ2-2*01	CASSITSTGELFF
TRAV3*01	TRAJ42*01	CALTYGGSQGNLIF	TRBV19*01	TRBJ2-7*01	CASSLRAGIEQYF
TRAV3*01	TRAJ36*01	CAVRDGTGANNLFF	TRBV19*01	TRBJ2-3*01	CASSTGGTDTQYF
TRAV3*01	TRAJ42*01	CAVTYGGSQGNLIF	TRBV19*01	TRBJ2-7*01	CASSTRAAYEQYF
TRAV3*01	TRAJ42*01	CAGPGSQGNLIF	TRBV19*01	TRBJ2-7*01	CASSVRSSYEQYF
TRAV3*01	TRAJ42*01	CAPSAGGGSQGNLIF	TRBV19*01	TRBJ2-7*01	CASSVRSSYEQYF
TRAV3*01	TRAJ36*01	CAVRDGTGANNLFF	TRBV19*01	TRBJ1-2*01	CASTTVQGGYTF
TRAV30*01	TRAJ42*01	CGTDPLGYGGSQGNLIF	TRBV19*01	TRBJ2-3*01	CASSARSSDTQYF
TRAV30*01	TRAJ42*01	CGTDKGGGSQGNLIF	TRBV19*01	TRBJ2-3*01	CASSGRSTDTQYF
TRAV30*01	TRAJ42*01	CGTVFEGSQGNLIF	TRBV19*01	TRBJ2-3*01	CASSGRSTDTQYF
TRAV30*01	TRAJ42*01	CGTGLGGGSQGNLIF	TRBV19*01	TRBJ2-1*01	CASSIRSSNEQFF
TRAV30*01	TRAJ31*01	CGTEWEARLMF	TRBV19*01	TRBJ2-7*01	CASSIRSSYEQYF
TRAV30*01	TRAJ42*01	CGTEMGGGSQGNLIF	TRBV19*01	TRBJ2-3*01	CASSIRSTDTQYF
TRAV30*01	TRAJ37*01	CGTEPGNTGKLIF	TRBV19*01	TRBJ2-3*01	CASSIRSTDTQYF
TRAV30*01	TRAJ42*01	CGTAMGGGSQGNLIF	TRBV19*01	TRBJ2-3*01	CASSMRSTDTQYF
TRAV30*01	TRAJ28*01	CGTSGAGSYQLTF	TRBV19*01	TRBJ2-3*01	CASSQRSTDTQYF
TRAV30*01	TRAJ42*01	CGTVLEGGSQGNLIF	TRBV19*01	TRBJ2-3*01	CASSQRSTDTQYF
TRAV30*01	TRAJ53*01	CGTERSGGSNYKLTF	TRBV19*01	TRBJ1-2*01	CASSTGVYGYTF
TRAV30*01	TRAJ45*01	CGTGVVSGGGADGLTF	TRBV19*01	TRBJ1-5*01	CASTVFQGGGQPQHF
TRAV35*01	TRAJ42*01	CAGGGDGGSQGNLIF	TRBV19*01	TRBJ1-5*01	CASSHRSGQPQHF
TRAV35*01	TRAJ30*01	CAGQYRDDKIIF	TRBV19*01	TRBJ2-7*01	CASSIGLGEQYF
TRAV35*01	TRAJ42*01	CAGPAEVSGGSQGNLIF	TRBV19*01	TRBJ2-3*01	CASSIIALDTQYF
TRAV35*01	TRAJ42*01	CAGGNYGGSQGNLIF	TRBV19*01	TRBJ1-4*01	CASSIRSDEKLFF
TRAV35*01	TRAJ42*01	CAGSGDGGSQGNLIF	TRBV19*01	TRBJ2-5*01	CASSIRSGATQYF
TRAV35*01	TRAJ42*01	CAGAGDGGSQGNLIF	TRBV19*01	TRBJ1-1*01	CASSIRSTTEAFF
TRAV35*01	TRAJ42*01	CAGPSGNMNYGGSQGNLIF	TRBV19*01	TRBJ2-1*01	CASSIVALDEQFF
TRAV35*01	TRAJ42*01	CAGTIAGGSQGNLIF	TRBV19*01	TRBJ1-5*01	CASSIVSNQPQHF
TRAV35*01	TRAJ37*01	CAGQGVPAGGNTGKLIF	TRBV19*01	TRBJ2-3*01	CASSIVSTDTQYF
TRAV35*01	TRAJ42*01	CAGILYGGSQGNLIF	TRBV19*01	TRBJ2-7*01	CASSLRSSYEQYF
TRAV35*01	TRAJ42*01	CAGQEGGGSQGNLIF	TRBV19*01	TRBJ2-7*01	CASSLRSSYEQYF
TRAV35*01	TRAJ42*01	CASNYGGSQGNLIF	TRBV19*01	TRBJ2-3*01	CASSMRSSDTQYF
TRAV35*01	TRAJ42*01	CAGQLGGGSQGNLIF	TRBV19*01	TRBJ2-7*01	CASSMRSSYEQYF
TRAV35*01	TRAJ42*01	CAGQSSDFAYGGSQGNLIF	TRBV19*01	TRBJ2-1*01	CASSMVAALGEQFF
TRAV35*01	TRAJ42*01	CAPAGDGGSQGNLIF	TRBV19*01	TRBJ1-5*01	CASSPRSSQPQHF
TRAV35*01	TRAJ42*01	CAGQLGGGSQGNLIF	TRBV19*01	TRBJ2-7*01	CASSQRSSYEQYF
TRAV35*01	TRAJ42*01	CAGQSEEANYGGSQGNLIF	TRBV19*01	TRBJ2-7*01	CASSSRSQYEQYF
TRAV35*01	TRAJ42*01	CAGQLGGGSQGNLIF	TRBV19*01	TRBJ2-7*01	CASSSRSSYEQYF
TRAV35*01	TRAJ42*01	CAGQLGGGSQGNLIF	TRBV19*01	TRBJ2-7*01	CASSTRSSYEQYF
TRAV35*01	TRAJ42*01	CAGQVNGGSQGNLIF	TRBV19*01	TRBJ2-3*01	CASSTYSIDTQYF
TRAV35*01	TRAJ31*01	CAGHWDLGNNARLMF	TRBV19*01	TRBJ1-1*01	CASSVRHGTEAFF
TRAV35*01	TRAJ37*01	CAGQTGNTGKLIF	TRBV19*01	TRBJ2-3*01	CASSVRSADTQYF
TRAV35*01	TRAJ42*01	CAGPTHNMNYGGSQGNLIF	TRBV19*01	TRBJ1-5*01	CASSYYSNQPQHF
TRAV36/DV7*01	TRAJ38*01	CAVEVNAGNNRKLIW	TRBV19*01	TRBJ2-7*01	CASSIRSSYEQYF
TRAV36/DV7*01	TRAJ47*01	CAVADMEYGNKLVF	TRBV19*01	TRBJ1-2*01	CASSTGTLYGYTF
TRAV38-1*01	TRAJ52*01	CAFMKDAGGTSYGKLTF	TRBV19*01	TRBJ2-7*01	CASSARSSYEQYF
TRAV38-1*01	TRAJ52*01	CAFMIGAGGTSYGKLTF	TRBV19*01	TRBJ1-2*01	CASSFGVHGYTF
TRAV38-1*01	TRAJ52*01	CAFMVNAGGTSYGKLTF	TRBV19*01	TRBJ1-2*01	CASSIGAHGYTF
TRAV38-1*01	TRAJ52*01	CAFMINAGGTSYGKLTF	TRBV19*01	TRBJ1-2*01	CASSIGAWGYTF
TRAV38-1*01	TRAJ52*01	CAFMIGSGGTSYGKLTF	TRBV19*01	TRBJ1-2*01	CASSIGAYGYTF
TRAV38-1*01	TRAJ52*01	CAFMINAGGTSYGKLTF	TRBV19*01	TRBJ1-2*01	CASSIGAYGYTF
TRAV38-1*01	TRAJ52*01	CAFMKGAGGTSYGKLTF	TRBV19*01	TRBJ1-2*01	CASSIGAYGYTF
TRAV38-1*01	TRAJ52*01	CAFMSNPGGTSYGKLTF	TRBV19*01	TRBJ1-2*01	CASSIGIYGYTF
TRAV38-1*01	TRAJ52*01	CAFMVGAGGTSYGKLTF	TRBV19*01	TRBJ1-2*01	CASSIGIYGYTF
TRAV38-1*01	TRAJ52*01	CAFMINAGGTSYGKLTF	TRBV19*01	TRBJ1-2*01	CASSIGSHGYTF
TRAV38-1*01	TRAJ52*01	CAFMKGAGGTSYGKLTF	TRBV19*01	TRBJ1-2*01	CASSIGSHGYTF
TRAV38-1*01	TRAJ52*01	CAFMIGAGGTSYGKLTF	TRBV19*01	TRBJ1-2*01	CASSIGSYGYTF
TRAV38-1*01	TRAJ52*01	CAFMISAGGTSYGKLTF	TRBV19*01	TRBJ1-2*01	CASSIGSYGYTF
TRAV38-1*01	TRAJ52*01	CAFMKGAGGTSYGKLTF	TRBV19*01	TRBJ1-2*01	CASSIGSYGYTF
TRAV38-1*01	TRAJ52*01	CAFMVNAGGTSYGKLTF	TRBV19*01	TRBJ1-2*01	CASSIGVAGYTF
TRAV38-1*01	TRAJ52*01	CAFMKGAGGTSYGKLTF	TRBV19*01	TRBJ1-2*01	CASSIGVHGYTF
TRAV38-1*01	TRAJ52*01	CAFMRDAGGTSYGKLTF	TRBV19*01	TRBJ1-2*01	CASSIGVHGYTF
TRAV38-1*01	TRAJ52*01	CAFMIGAGGTSYGKLTF	TRBV19*01	TRBJ1-2*01	CASSIGVWGYTF
TRAV38-1*01	TRAJ52*01	CAFMIGAGGTSYGKLTF	TRBV19*01	TRBJ1-2*01	CASSIGVYGYTF
TRAV38-1*01	TRAJ52*01	CAFMNNAGGTSYGKLTF	TRBV19*01	TRBJ1-2*01	CASSIGVYGYTF
TRAV38-1*01	TRAJ52*01	CAFMTNAGGTSYGKLTF	TRBV19*01	TRBJ1-2*01	CASSIGVYGYTF
TRAV38-1*01	TRAJ52*01	CAFMVNAGGTSYGKLTF	TRBV19*01	TRBJ1-2*01	CASSIGVYGYTF
TRAV38-1*01	TRAJ52*01	CAFMIGAGGTSYGKLTF	TRBV19*01	TRBJ1-2*01	CASSIGYYGYTF
TRAV38-1*01	TRAJ52*01	CAFMIGSGGTSYGKLTF	TRBV19*01	TRBJ1-2*01	CASSIGYYGYTF
TRAV38-1*01	TRAJ52*01	CAFMLDAGGTSYGKLTF	TRBV19*01	TRBJ1-2*01	CASSIGYYGYTF
TRAV38-1*01	TRAJ52*01	CAFMTNAGGTSYGKLTF	TRBV19*01	TRBJ1-2*01	CASSLGAYGYTF
TRAV38-1*01	TRAJ52*01	CAFMIGAGGTSYGKLTF	TRBV19*01	TRBJ2-1*01	CASSLGGNEQFF
TRAV38-1*01	TRAJ52*01	CAFMTNAGGTSYGKLTF	TRBV19*01	TRBJ1-2*01	CASSLGSYGYTF
TRAV38-1*01	TRAJ52*01	CAFMQNAGGTSYGKLTF	TRBV19*01	TRBJ1-2*01	CASSMGAYGYTF
TRAV38-1*01	TRAJ52*01	CAFMSNAGGTSYGKLTF	TRBV19*01	TRBJ1-2*01	CASSMGSYGYTF
TRAV38-1*01	TRAJ52*01	CAFMIGAGGTSYGKLTF	TRBV19*01	TRBJ1-2*01	CASSQGSWGYTF
TRAV38-1*01	TRAJ52*01	CAFMTNAGGTSYGKLTF	TRBV19*01	TRBJ1-2*01	CASSQGSYGYTF
TRAV38-1*01	TRAJ52*01	CAFMVNAGGTSYGKLTF	TRBV19*01	TRBJ1-2*01	CASSQGSYGYTF
TRAV38-1*01	TRAJ52*01	CAFMTNAGGTSYGKLTF	TRBV19*01	TRBJ1-2*01	CASSTGAWGYTF
TRAV38-1*01	TRAJ52*01	CAFMKGAGGTSYGKLTF	TRBV19*01	TRBJ1-2*01	CASSTGAYGYTF
TRAV38-1*01	TRAJ52*01	CAFMVDAGGTSYGKLTF	TRBV19*01	TRBJ1-2*01	CASSTGAYGYTF
TRAV38-1*01	TRAJ52*01	CAFMVGAGGTSYGKLTF	TRBV19*01	TRBJ1-2*01	CASSTGIYGYTF
TRAV38-1*01	TRAJ52*01	CAFMIGAGGTSYGKLTF	TRBV19*01	TRBJ1-2*01	CASSTGSYGYTF
TRAV38-1*01	TRAJ52*01	CAFMTNAGGTSYGKLTF	TRBV19*01	TRBJ1-2*01	CASSTGVYGYTF
TRAV38-1*01	TRAJ52*01	CAFMVGAGGTSYGKLTF	TRBV19*01	TRBJ1-2*01	CASSTGVYGYTF
TRAV38-1*01	TRAJ52*01	CAFMKGAGGTSYGKLTF	TRBV19*01	TRBJ2-7*01	CASSTRSSYEQYF
TRAV38-1*01	TRAJ52*01	CAFMIGAGGTSYGKLTF	TRBV19*01	TRBJ1-2*01	CASSVGSYGYTF
TRAV38-1*01	TRAJ52*01	CAFMKGAGGTSYGKLTF	TRBV19*01	TRBJ1-2*01	CASSWGAYGYTF
TRAV38-1*01	TRAJ52*01	CAFMTNAGGTSYGKLTF	TRBV19*01	TRBJ1-2*01	CATSTGSYGYTF
TRAV38-2/DV8*01	TRAJ52*01	CAYMTNAGGTSYGKLTF	TRBV19*01	TRBJ1-2*01	CASSEGSYGYTF
TRAV38-2/DV8*01	TRAJ52*01	CAYMSNAGGTSYGKLTF	TRBV19*01	TRBJ1-2*01	CASSFGSYGYTF
TRAV38-2/DV8*01	TRAJ52*01	CAFMINAGGTSYGKLTF	TRBV19*01	TRBJ1-2*01	CASSIGAYRYTF
TRAV38-2/DV8*01	TRAJ26*01	CAYRGPLDNYGQNFVF	TRBV19*01	TRBJ1-5*01	CASSIGGGNQPQHF
TRAV38-2/DV8*01	TRAJ52*01	CAYTPNAGGTSYGKLTF	TRBV19*01	TRBJ1-2*01	CASSIGIYGYTF
TRAV38-2/DV8*01	TRAJ52*01	CAWSSNAGGTSYGKLTF	TRBV19*01	TRBJ1-2*01	CASSIGLYGYTF
TRAV38-2/DV8*01	TRAJ52*01	CAYATNAGGTSYGKLTF	TRBV19*01	TRBJ1-2*01	CASSIGLYGYTF
TRAV38-2/DV8*01	TRAJ52*01	CAYSPAAGGTSYGKLTF	TRBV19*01	TRBJ1-2*01	CASSIGLYGYTF
TRAV38-2/DV8*01	TRAJ52*01	CAYSVNAGGTSYGKLTF	TRBV19*01	TRBJ1-2*01	CASSIGLYGYTF
TRAV38-2/DV8*01	TRAJ52*01	CAYSYGAGGTSYGKLTF	TRBV19*01	TRBJ1-2*01	CASSIGLYGYTF
TRAV38-2/DV8*01	TRAJ58*01	CAYRTKETSGSRLTF	TRBV19*01	TRBJ1-2*01	CASSIGSYGYTF
TRAV38-2/DV8*01	TRAJ48*01	CPSDYEKLTF	TRBV19*01	TRBJ1-2*01	CASSIGVHGYTF
TRAV38-2/DV8*01	TRAJ52*01	CAYMANAGGTSYGKLTF	TRBV19*01	TRBJ1-2*01	CASSIGVYGYTF
TRAV38-2/DV8*01	TRAJ52*01	CAYSHNAGGTSYGKLTF	TRBV19*01	TRBJ1-2*01	CASSIGVYGYTF
TRAV38-2/DV8*01	TRAJ33*01	CAYRSLPMDSNYQLIW	TRBV19*01	TRBJ1-3*01	CASSIYSGPGNTIYF
TRAV38-2/DV8*01	TRAJ52*01	CAYMVNAGGTSYGKLTF	TRBV19*01	TRBJ1-2*01	CASSLGSYGYTF
TRAV38-2/DV8*01	TRAJ43*01	CAYRISLNNNDMRF	TRBV19*01	TRBJ2-1*01	CASSMYGGSANEQFF
TRAV38-2/DV8*01	TRAJ52*01	CAYMPNAGGTSYGKLTF	TRBV19*01	TRBJ1-2*01	CASSQGAYGYTF
TRAV38-2/DV8*01	TRAJ48*01	CAYRTSILSNFGNEKLTF	TRBV19*01	TRBJ1-2*01	CASSQGSYGYTF
TRAV38-2/DV8*01	TRAJ57*01	CAYRVGGGSWGKTQGGSEKLVF	TRBV19*01	TRBJ2-2*01	CASSSSGGAGELFF
TRAV38-2/DV8*01	TRAJ43*01	CAYRISLNNNDMRF	TRBV19*01	TRBJ1-1*01	CASSVHGGANTEAFF
TRAV39*01	TRAJ42*01	CAVDEGGGSQGNLIF	TRBV19*01	TRBJ2-3*01	CASSARAGITQYF
TRAV39*01	TRAJ42*01	CAVDMAGGSQGNLIF	TRBV19*01	TRBJ2-7*01	CASSFRSGIEQYF
TRAV39*01	TRAJ52*01	CAVVRGISRWHQNAGGTSYGKLTF	TRBV19*01	TRBJ1-5*01	CASSIRSAQPQHF
TRAV39*01	TRAJ42*01	CAVDENGGSQGNLIF	TRBV19*01	TRBJ2-7*01	CASSIRSSYEQYF
TRAV39*01	TRAJ42*01	CAVDEGGGSQGNLIF	TRBV19*01	TRBJ2-3*01	CASSIRSTDTQYF
TRAV39*01	TRAJ52*01	CAGGLENAGGTSYGKLTF	TRBV19*01	TRBJ1-5*01	CASSRLSNQPQHF
TRAV40*01	TRAJ27*01	CLLGFTNTNAGKSTF	TRBV19*01	TRBJ2-7*01	CASSARSSYEQYF
TRAV41*01	TRAJ58*01	CAVGVEETSGSRLTF	TRBV19*01	TRBJ1-1*01	CASSIFYRAEAFF
TRAV41*01	TRAJ48*01	CAVKENEKLTF	TRBV19*01	TRBJ2-7*01	CASSIRSAYEQYF
TRAV41*01	TRAJ57*01	CAAPITQGGSEKLVF	TRBV19*01	TRBJ1-5*01	CASSVYSNQPQHF
TRAV5*01	TRAJ42*01	CAEGGNGGSQGNLIF	TRBV19*01	TRBJ1-1*01	CASSGRSNTEAFF
TRAV5*01	TRAJ48*01	CAERIPNFGNEKLTF	TRBV19*01	TRBJ2-7*01	CASSIRSSYEQYF
TRAV5*01	TRAJ26*01	CAERQNFVF	TRBV19*01	TRBJ2-2*01	CASSISSTGELFF
TRAV5*01	TRAJ49*01	CAEPNTGNQFYF	TRBV19*01	TRBJ2-3*01	CASSMRSSDTQYF
TRAV5*01	TRAJ42*01	CAENEGGGSQGNLIF	TRBV19*01	TRBJ2-7*01	CASSSRAGGEQYF
TRAV5*01	TRAJ42*01	CAEEGGGGSQGNLIF	TRBV19*01	TRBJ1-1*01	CASSTRSGTEAFF
TRAV5*01	TRAJ42*01	CAENQGGGSQGNLIF	TRBV19*01	TRBJ1-1*01	CASSTRSGTEAFF
TRAV5*01	TRAJ42*01	CAESIGGGSQGNLIF	TRBV19*01	TRBJ2-7*01	CASSTRSGYEQYF
TRAV5*01	TRAJ42*01	CAEDYGGSQGNLIF	TRBV19*01	TRBJ2-1*01	CASSTRSSNEQFF
TRAV5*01	TRAJ31*01	CAGRGNNARLMF	TRBV19*01	TRBJ2-1*01	CASSTTSGGLNEQFF
TRAV5*01	TRAJ42*01	CAGGGSGGSQGNLIF	TRBV19*01	TRBJ1-1*01	CASSWRSDTEAFF
TRAV6*01	TRAJ10*01	CAPPILTGGGNKLTF	TRBV19*01	TRBJ1-1*01	CASSIRAGDNTEAFF
TRAV6*01	TRAJ15*01	CALKAGTALIF	TRBV19*01	TRBJ2-7*01	CASSIRASYEQYF
TRAV6*01	TRAJ34*01	CALDPDTDKLIF	TRBV19*01	TRBJ2-1*01	CASSMRASVEQFF
TRAV6*01	TRAJ42*01	CALDMGGGSQGNLIF	TRBV19*01	TRBJ2-5*01	CASSSRAGFAQYF
TRAV6*01	TRAJ52*01	CALDSNAGGTSYGKLTF	TRBV19*01	TRBJ1-2*01	CASSTGAWGYTF
TRAV8-1*01	TRAJ33*01	CAVIPGSNYQLIW	TRBV19*01	TRBJ1-1*01	CASSDRSNTEAFF
TRAV8-1*01	TRAJ39*01	CAVNLTNNAGNMLTF	TRBV19*01	TRBJ2-3*01	CASSGRSTDTQYF
TRAV8-1*01	TRAJ27*01	CAVNRTNAGKSTF	TRBV19*01	TRBJ2-2*01	CASSGRSTGELFF
TRAV8-1*01	TRAJ18*01	CAVNAQGGGSTLGRLYF	TRBV19*01	TRBJ2-5*01	CASSIHGLETQYF
TRAV8-1*01	TRAJ42*01	CAVDADYGGSQGNLIF	TRBV19*01	TRBJ2-7*01	CASSIRASVEQYF
TRAV8-1*01	TRAJ42*01	CAGDYGGSQGNLIF	TRBV19*01	TRBJ2-7*01	CASSIRSSYEQYF
TRAV8-1*01	TRAJ49*01	CAVKNTGNQFYF	TRBV19*01	TRBJ2-7*01	CASSIRSSYEQYF
TRAV8-1*01	TRAJ42*01	CAVNAGGGSQGNLIF	TRBV19*01	TRBJ2-7*01	CASSIRSSYEQYF
TRAV8-1*01	TRAJ42*01	CAVNGGGGSQGNLIF	TRBV19*01	TRBJ2-7*01	CASSLRSSYEQYF
TRAV8-1*01	TRAJ42*01	CAVNGGGGSQGNLIF	TRBV19*01	TRBJ2-7*01	CASSMRAAYEQYF
TRAV8-1*01	TRAJ42*01	CAVNEGGGSQGNLIF	TRBV19*01	TRBJ2-7*01	CASSMRSSYEQYF
TRAV8-1*01	TRAJ40*01	CAVNDIGGTYKYIF	TRBV19*01	TRBJ2-3*01	CASSPRSTDTQYF
TRAV8-1*01	TRAJ42*01	CAVNLGGGSQGNLIF	TRBV19*01	TRBJ2-7*01	CASSSRASHEQYF
TRAV8-1*01	TRAJ42*01	CAVNAGGGSQGNLIF	TRBV19*01	TRBJ2-7*01	CASSSRASYEQYF
TRAV8-1*01	TRAJ42*01	CAVNAGGGSQGNLIF	TRBV19*01	TRBJ2-7*01	CASSSRSSYEQYF
TRAV8-1*01	TRAJ42*01	CAVNEGGGSQGNLIF	TRBV19*01	TRBJ2-7*01	CASSTRAAYEQYF
TRAV8-1*01	TRAJ42*01	CAVNAGGGSQGNLIF	TRBV19*01	TRBJ2-7*01	CASSTRASYEQYF
TRAV8-1*01	TRAJ23*01	CAVNEVEGGKLIF	TRBV19*01	TRBJ2-7*01	CASSTRSSVEQYF
TRAV8-1*01	TRAJ42*01	CAVNAGGGSQGNLIF	TRBV19*01	TRBJ2-7*01	CASSTRSSYEQYF
TRAV8-1*01	TRAJ42*01	CAVNAGGGSQGNLIF	TRBV19*01	TRBJ2-7*01	CASSVRSSYEQYF
TRAV8-3*01	TRAJ42*01	CANTGSQGNLIF	TRBV19*01	TRBJ2-7*01	CASSDRSGTEQYF
TRAV8-3*01	TRAJ56*01	CAVLGGANSKLTF	TRBV19*01	TRBJ2-1*01	CASSFLATDEQFF
TRAV8-3*01	TRAJ42*01	CAVAGSQGNLIF	TRBV19*01	TRBJ2-7*01	CASSGRSGVEQYF
TRAV8-3*01	TRAJ42*01	CAVGGYGGSQGNLIF	TRBV19*01	TRBJ2-7*01	CASSGRSGYEQYF
TRAV8-3*01	TRAJ42*01	CALPGSQGNLIF	TRBV19*01	TRBJ2-7*01	CASSIRASYEQYF
TRAV8-3*01	TRAJ42*01	CAVGGGGGSQGNLIF	TRBV19*01	TRBJ2-7*01	CASSIRASYEQYF
TRAV8-3*01	TRAJ42*01	CAVGAGGGSQGNLIF	TRBV19*01	TRBJ2-1*01	CASSMRASVEQFF
TRAV8-3*01	TRAJ42*01	CAVGGGGGSQGNLIF	TRBV19*01	TRBJ2-1*01	CASSSRSGTEQFF
TRAV8-3*01	TRAJ42*01	CAVGGSGGSQGNLIF	TRBV19*01	TRBJ2-7*01	CASSVRSSYEQYF
TRAV8-4*01	TRAJ48*01	CAVSDQISGNEKLTF	TRBV19*01	TRBJ1-5*01	CASSIHKNQPQHF
TRAV8-4*01	TRAJ37*01	CAVSESNTGKLIF	TRBV19*01	TRBJ1-1*01	CASSIRAGYTEAFF
TRAV8-4*01	TRAJ29*01	CAVTFTGNTPLVF	TRBV19*01	TRBJ2-5*01	CASSTRSQETQYF
TRAV8-4*01	TRAJ42*01	CAEGGSQGNLIF	TRBV19*01	TRBJ2-7*01	CASSVRSSYEQYF
TRAV8-6*01	TRAJ37*01	CAVTSNTGKLIF	TRBV19*01	TRBJ2-7*01	CASSFRSSYEQYF
TRAV8-6*01	TRAJ42*01	CAVGGSQGNLIF	TRBV19*01	TRBJ2-7*01	CASSIRSAYEQYF
TRAV8-6*01	TRAJ37*01	CAVSSDNTGKLIF	TRBV19*01	TRBJ2-7*01	CASSIRSNYEQYF
TRAV8-6*01	TRAJ42*01	CAVGGSQGNLIF	TRBV19*01	TRBJ2-7*01	CASSIRSSLEQYF
TRAV8-6*01	TRAJ42*01	CAGAGSQGNLIF	TRBV19*01	TRBJ2-7*01	CASSIRSSYEQYF
TRAV8-6*01	TRAJ42*01	CAVPGSQGNLIF	TRBV19*01	TRBJ2-7*01	CASSIRSSYEQYF
TRAV8-6*01	TRAJ42*01	CAVSGSQGNLIF	TRBV19*01	TRBJ2-7*01	CASSIRSSYEQYF
TRAV8-6*01	TRAJ42*01	CAVTDGGSQGNLIF	TRBV19*01	TRBJ2-7*01	CASSIRSSYEQYF
TRAV8-6*01	TRAJ42*01	CAVSGSQGNLIF	TRBV19*01	TRBJ2-7*01	CASSLRSSYEQYF
TRAV8-6*01	TRAJ42*01	CAVQGSQGNLIF	TRBV19*01	TRBJ2-7*01	CASSSRSSYEQYF
TRAV9-2*01	TRAJ35*01	CALGFGNVLHC	TRBV19*01	TRBJ2-3*01	CASSGRSTDTQYF
TRAV9-2*01	TRAJ8*01	CAPAAGFQKLVF	TRBV19*01	TRBJ2-7*01	CASSLRSSYEQYF
TRAV9-2*01	TRAJ54*01	CAPRALSGAQKLVF	TRBV19*01	TRBJ1-2*01	CASSTYSTGSGYTF
TRAV12-2*01	TRAJ43*01	CAVIDDMRF	TRBV2*01	TRBJ2-7*01	CASSGYRAHEQYF
TRAV30*01	TRAJ6*01	CGTGRGGSYIPTF	TRBV2*01	TRBJ2-5*01	CASSVLNQETQYF
TRAV38-2/DV8*01	TRAJ52*01	CAYSLSAGGTSYGKLTF	TRBV2*01	TRBJ2-7*01	CASSGYRAHEQYF
TRAV10*01	TRAJ50*01	CVVSAGLGKTSYDKVIF	TRBV20-1*01	TRBJ2-6*01	CRYKGQGVSGANVLTF
TRAV26-2*01	TRAJ40*01	CILSSGTYKYIF	TRBV20-1*01	TRBJ2-1*01	CSAPTPLLAGGYNEQFF
TRAV12-2*01	TRAJ42*01	CALSPGGGSQGNLIF	TRBV21-1*01	TRBJ2-1*01	CASSRGGLSYNEQFF
TRAV12-3*01	TRAJ42*01	CAMSGDGGSQGNLIF	TRBV21-1*01	TRBJ2-7*01	CQQQKSYEQYF
TRAV16*01	TRAJ38*01	CALDRAGNNRKLIW	TRBV21-1*01	TRBJ1-5*01	CASSYRVDSNQPQHF
TRAV27*01	TRAJ37*01	CAGAGNTGKLIF	TRBV21-1*01	TRBJ2-1*01	CASGNKDIHNEQFF
TRAV27*01	TRAJ42*01	CAGGGSQGNLIF	TRBV21-1*01	TRBJ2-4*01	CASSMGDRSMGNIQYF
TRAV38-1*01	TRAJ52*01	CAFMMGAGGTSYGKLTF	TRBV21-1*01	TRBJ1-5*01	CASKRGMSNQPQHF
TRAV5*01	TRAJ48*01	CAERIPNFGNEKLTF	TRBV21-1*01	TRBJ2-1*01	CASGNKDIHNEQFF
TRAV8-6*01	TRAJ42*01	CASGGSQGNLIF	TRBV21-1*01	TRBJ2-1*01	CASSKARSLGNRGNEQFF
TRAV27*01	TRAJ42*01	CAGAGSQGNLIF	TRBV24-1*01	TRBJ1-3*01	CATPGGGTTGNTIYF
TRAV27*01	TRAJ37*01	CAGAVGSSNTGKLIF	TRBV25-1*01	TRBJ2-5*01	CASSDPGIQETQYF
TRAV9-2*01	TRAJ13*01	CALPSGGYQKVTF	TRBV27*01	TRBJ1-4*01	CASSFGQGAEKLFF
TRAV9-2*01	TRAJ4*01	CALPSGGYNKLIF	TRBV27*01	TRBJ1-4*01	CASSFGQGGEKLFF
TRAV27*01	TRAJ37*01	CAGNSGNTGKLIF	TRBV29-1*01	TRBJ2-3*01	CSACRDREPDTQYF
TRAV20*01	TRAJ32*01	CAVQAEGSYGGATNKLIF	TRBV30*01	TRBJ1-1*01	CAWSFLDVTAGTEAFF
TRAV13-2*01	TRAJ42*01	CAEIALQNYGGSQGNLIF	TRBV4-1*01	TRBJ1-2*01	CASSQEGGLDYGYTF
TRAV29/DV5*01	TRAJ28*01	CAANYGAGSYQLTF	TRBV4-2*01	TRBJ1-3*01	CASSQVVGNTIYF
TRAV13-2*01	TRAJ45*01	CAENGGGGADGLTF	TRBV5-6*01	TRBJ2-2*01	CASSFEGLNTGELFF
TRAV8-6*01	TRAJ27*01	CAVSSGPGKSTF	TRBV6-3*01	TRBJ1-5*01	CASSYNPRTEVSNQPQHF
TRAV12-2*01	TRAJ13*01	CAVNIEGYQKVTF	TRBV6-6*01	TRBJ2-1*01	CASSDSSGGLYNEQFF
TRAV39*01	TRAJ58*01	CAVVWGGSRLTF	TRBV6-6*01	TRBJ1-4*01	CASSYPEQGTSNEKLFF
TRAV1-2*01	TRAJ4*01	CAVRSFSGGYNKLIF	TRBV7-2*01	TRBJ2-7*01	CASSLAGDSYEQYF
TRAV12-3*01	TRAJ48*01	CAMSASNFGNEKLTF	TRBV7-2*01	TRBJ1-3*01	CASSSIRGPLSGNTIYF
TRAV27*01	TRAJ42*01	CAGAGSQGNLIF	TRBV7-2*01	TRBJ2-3*01	CASAHPRASGSTDTQYF
TRAV14/DV4*01	TRAJ39*01	CAMREDNAGNMLTF	TRBV7-6*01	TRBJ2-7*01	CASSLQDRALSNDEQYF
TRAV38-1*01	TRAJ52*01	CAFMLGAGGTSYGKLTF	TRBV7-6*01	TRBJ1-1*01	CASSFLTGNTEAFF
TRAV9-2*01	TRAJ40*01	CALRLEGGSGTYKYIF	TRBV7-8*01	TRBJ1-2*01	CASSLEVGLGGYTF
TRAV27*01	TRAJ37*01	CAGASNTGKLIF	TRBV7-9*01	TRBJ1-1*01	CASSLGDNTEAFF
TRAV1-2*01	TRAJ36*01	CAVRGTGANNLFF	TRBV9*01	TRBJ2-1*01	CASSPKDIRVYNEQFF
TRAV19*01	TRAJ29*01	CALSESNSGNTPLVF	TRBV9*01	TRBJ2-5*01	CASSVDPAQETQYF
TRAV27*01	TRAJ42*01	CAGAGSQGNLIF	TRBV9*01	TRBJ2-7*01	CASSALSGRAIDEQYF
TRAV3*01	TRAJ34*01	CAVRDPHQGTDKLIF	TRBV9*01	TRBJ2-3*01	CASSVDGDTSTDTQYF
TRAV8-2*01	TRAJ6*01	CVVISSGGSYIPTF	TRBV9*01	TRBJ2-3*01	CASSPDQETSYTDTQYF
